{"payload":{"installed_packages":["absl-py==2.2.0","asttokens==2.0.5","attrs==25.3.0","autocommand==2.2.2","backcall==0.2.0","backports.tarfile==1.2.0","cachetools==5.5.2","certifi==2025.1.31","charset-normalizer==3.4.1","colorama==0.4.6","comet-ml==3.49.5","comm==0.2.1","configobj==5.0.9","contourpy==1.1.1","cycler==0.12.1","debugpy==1.6.7","decorator==5.1.1","dulwich==0.22.4","everett==3.1.0","executing==0.8.3","fonttools==4.56.0","furl==2.1.4","gitdb==4.0.12","gitpython==3.1.44","google-auth==2.38.0","google-auth-oauthlib==1.0.0","grpcio==1.70.0","idna==3.10","importlib-metadata==7.0.1","importlib-resources==6.4.5","inflect==7.3.1","ipykernel==6.29.5","ipython==8.12.2","jaraco.collections==5.1.0","jaraco.context==5.3.0","jaraco.functools==4.0.1","jaraco.text==3.12.1","jedi==0.19.1","jsonschema==4.23.0","jsonschema-specifications==2023.12.1","jupyter-client==8.6.0","jupyter-core==5.7.2","kiwisolver==1.4.7","labelimg==1.8.6","lxml==5.3.1","markdown==3.7","markdown-it-py==3.0.0","markupsafe==2.1.5","matplotlib==3.7.5","matplotlib-inline==0.1.6","mdurl==0.1.2","more-itertools==10.3.0","nest-asyncio==1.6.0","numpy==1.24.4","oauthlib==3.2.2","opencv-python==4.11.0.86","orderedmultidict==1.0.1","packaging==24.1","pandas==2.0.3","parso==0.8.3","pathlib2==2.3.7.post1","pickleshare==0.7.5","pillow==9.5.0","pip==24.2","pkgutil-resolve-name==1.3.10","platformdirs==3.10.0","prompt-toolkit==3.0.43","protobuf==5.29.4","psutil==5.9.0","pure-eval==0.2.2","pyasn1==0.6.1","pyasn1-modules==0.4.1","pygments==2.15.1","pyjwt==2.9.0","pyparsing==3.1.4","pyqt5==5.15.11","pyqt5-qt5==5.15.2","pyqt5-sip==12.15.0","python-box==6.1.0","python-dateutil==2.9.0.post0","pytz==2025.2","pywin32==305.1","pyyaml==6.0.2","pyzmq==25.1.2","referencing==0.35.1","requests==2.32.3","requests-oauthlib==2.0.0","requests-toolbelt==1.0.0","rich==13.9.4","rpds-py==0.20.1","rsa==4.9","scipy==1.10.1","seaborn==0.13.2","semantic-version==2.10.0","sentry-sdk==2.24.1","setuptools==75.1.0","simplejson==3.20.1","six==1.16.0","smmap==5.0.2","stack-data==0.2.0","tensorboard==2.14.0","tensorboard-data-server==0.7.2","thop==0.1.1.post2209072238","tomli==2.0.1","torch==1.8.2+cu111","torchaudio==0.8.2","torchvision==0.9.2+cu111","tornado==6.4.1","tqdm==4.67.1","traitlets==5.14.3","typeguard==4.3.0","typing-extensions==4.11.0","tzdata==2025.2","urllib3==2.2.3","wcwidth==0.2.13","werkzeug==3.0.6","wheel==0.44.0","wrapt==1.17.2","wurlitzer==3.1.1","zipp==3.20.2"],"message_id":1},"type":"installed_packages"}
{"payload":{"command":[".\\train.py"],"env":null,"hostname":"LAPTOP-3KHFLVNI","ip":"10.19.191.96","machine":"AMD64","message_id":2,"os":"Windows-10-10.0.26100-SP0","os_release":"10","os_type":"Windows","pid":7520,"processor":"AMD64 Family 25 Model 68 Stepping 1, AuthenticAMD","python_exe":"C:\\Users\\HJW\\.conda\\envs\\yolov5\\python.exe","python_version":"3.8.20","python_version_verbose":"3.8.20 (default, Oct  3 2024, 15:19:54) [MSC v.1929 64 bit (AMD64)]","user":"HJW"},"type":"system_details"}
{"payload":{"gpu_static_info":[{"gpu_index":0,"name":"NVIDIA GeForce RTX 4060 Laptop GPU","power_limit":94242,"total_memory":8585740288,"uuid":"GPU-8f137af3-b2b3-8a63-a073-be8a020020e3"}],"message_id":3},"type":"gpu_static_info"}
{"payload":{"local_timestamp":1742883598406,"message_id":4,"metric":{"epoch":null,"metricName":"sys.gpu.0.total_memory","metricValue":8585740288,"step":null}},"type":"metric_msg"}
{"payload":{"key":"offline_experiment","message_id":5,"value":true},"type":"log_other"}
{"payload":{"local_timestamp":1742883598408,"message_id":6,"metric":{"epoch":null,"metricName":"sys.gpu.0.gpu_utilization","metricValue":0,"step":null}},"type":"metric_msg"}
{"payload":{"local_timestamp":1742883598408,"message_id":7,"metric":{"epoch":null,"metricName":"sys.gpu.0.power_usage","metricValue":4621,"step":null}},"type":"metric_msg"}
{"payload":{"local_timestamp":1742883598408,"message_id":8,"metric":{"epoch":null,"metricName":"sys.gpu.0.temperature","metricValue":46,"step":null}},"type":"metric_msg"}
{"payload":{"local_timestamp":1742883598408,"message_id":9,"metric":{"epoch":null,"metricName":"sys.gpu.0.memory_utilization","metricValue":14,"step":null}},"type":"metric_msg"}
{"payload":{"local_timestamp":1742883598408,"message_id":10,"metric":{"epoch":null,"metricName":"sys.gpu.0.free_memory","metricValue":7448539136,"step":null}},"type":"metric_msg"}
{"payload":{"local_timestamp":1742883598408,"message_id":11,"metric":{"epoch":null,"metricName":"sys.gpu.0.used_memory","metricValue":1137201152,"step":null}},"type":"metric_msg"}
{"payload":{"local_timestamp":1742883598408,"message_id":12,"metric":{"epoch":null,"metricName":"sys.gpu.0.percent.used_memory","metricValue":13.245231207254518,"step":null}},"type":"metric_msg"}
{"payload":{"local_timestamp":1742883598413,"message_id":13,"output":"Traceback (most recent call last):\n","stderr":true},"type":"standard_output"}
{"payload":{"local_timestamp":1742883598413,"message_id":14,"output":"  File \".\\train.py\", line 633, in <module>\n","stderr":true},"type":"standard_output"}
{"payload":{"local_timestamp":1742883598413,"message_id":15,"output":"    ","stderr":true},"type":"standard_output"}
{"payload":{"local_timestamp":1742883598413,"message_id":16,"output":"main(opt)","stderr":true},"type":"standard_output"}
{"payload":{"local_timestamp":1742883598413,"message_id":17,"output":"\n","stderr":true},"type":"standard_output"}
{"payload":{"local_timestamp":1742883598413,"message_id":18,"output":"  File \".\\train.py\", line 527, in main\n","stderr":true},"type":"standard_output"}
{"payload":{"local_timestamp":1742883598413,"message_id":19,"output":"    ","stderr":true},"type":"standard_output"}
{"payload":{"local_timestamp":1742883598413,"message_id":20,"output":"train(opt.hyp, opt, device, callbacks)","stderr":true},"type":"standard_output"}
{"payload":{"local_timestamp":1742883598413,"message_id":21,"output":"\n","stderr":true},"type":"standard_output"}
{"payload":{"local_timestamp":1742883598413,"message_id":22,"output":"  File \".\\train.py\", line 95, in train\n","stderr":true},"type":"standard_output"}
{"payload":{"local_timestamp":1742883598413,"message_id":23,"output":"    ","stderr":true},"type":"standard_output"}
{"payload":{"local_timestamp":1742883598413,"message_id":24,"output":"loggers = Loggers(save_dir, weights, opt, hyp, LOGGER)  # loggers instance","stderr":true},"type":"standard_output"}
{"payload":{"local_timestamp":1742883598413,"message_id":25,"output":"\n","stderr":true},"type":"standard_output"}
{"payload":{"local_timestamp":1742883598413,"message_id":26,"output":"  File \"C:\\Users\\HJW\\Desktop\\yolov5-7.0\\utils\\loggers\\__init__.py\", line 132, in __init__\n","stderr":true},"type":"standard_output"}
{"payload":{"local_timestamp":1742883598413,"message_id":27,"output":"    ","stderr":true},"type":"standard_output"}
{"payload":{"local_timestamp":1742883598413,"message_id":28,"output":"self.comet_logger = CometLogger(self.opt, self.hyp)","stderr":true},"type":"standard_output"}
{"payload":{"local_timestamp":1742883598413,"message_id":29,"output":"\n","stderr":true},"type":"standard_output"}
{"payload":{"local_timestamp":1742883598413,"message_id":30,"output":"  File \"C:\\Users\\HJW\\Desktop\\yolov5-7.0\\utils\\loggers\\comet\\__init__.py\", line 97, in __init__\n","stderr":true},"type":"standard_output"}
{"payload":{"local_timestamp":1742883598413,"message_id":31,"output":"    ","stderr":true},"type":"standard_output"}
{"payload":{"local_timestamp":1742883598413,"message_id":32,"output":"self.data_dict = self.check_dataset(self.opt.data)","stderr":true},"type":"standard_output"}
{"payload":{"local_timestamp":1742883598413,"message_id":33,"output":"\n","stderr":true},"type":"standard_output"}
{"payload":{"local_timestamp":1742883598413,"message_id":34,"output":"  File \"C:\\Users\\HJW\\Desktop\\yolov5-7.0\\utils\\loggers\\comet\\__init__.py\", line 234, in check_dataset\n","stderr":true},"type":"standard_output"}
{"payload":{"local_timestamp":1742883598413,"message_id":35,"output":"    ","stderr":true},"type":"standard_output"}
{"payload":{"local_timestamp":1742883598413,"message_id":36,"output":"if data_config['path'].startswith(COMET_PREFIX):","stderr":true},"type":"standard_output"}
{"payload":{"local_timestamp":1742883598413,"message_id":37,"output":"\n","stderr":true},"type":"standard_output"}
{"payload":{"local_timestamp":1742883598413,"message_id":38,"output":"KeyError","stderr":true},"type":"standard_output"}
{"payload":{"local_timestamp":1742883598413,"message_id":39,"output":": ","stderr":true},"type":"standard_output"}
{"payload":{"local_timestamp":1742883598413,"message_id":40,"output":"'path'","stderr":true},"type":"standard_output"}
{"payload":{"local_timestamp":1742883598413,"message_id":41,"output":"\n","stderr":true},"type":"standard_output"}
{"payload":{"local_timestamp":1742883598413,"message_id":42,"output":"\u001b[1;38;5;39mCOMET INFO:\u001b[0m The process of logging environment details (conda environment, git patch) is underway. Please be patient as this may take some time.\n","stderr":true},"type":"standard_output"}
{"payload":{"local_timestamp":1742883599353,"message_id":43,"metric":{"epoch":null,"metricName":"sys.cpu.percent.avg","metricValue":10.7,"step":null}},"type":"metric_msg"}
{"payload":{"local_timestamp":1742883599353,"message_id":44,"metric":{"epoch":null,"metricName":"sys.ram.total","metricValue":16366567424,"step":null}},"type":"metric_msg"}
{"payload":{"local_timestamp":1742883599353,"message_id":45,"metric":{"epoch":null,"metricName":"sys.ram.used","metricValue":11047972864,"step":null}},"type":"metric_msg"}
{"payload":{"local_timestamp":1742883599353,"message_id":46,"metric":{"epoch":null,"metricName":"sys.ram.available","metricValue":5318594560,"step":null}},"type":"metric_msg"}
{"payload":{"local_timestamp":1742883599353,"message_id":47,"metric":{"epoch":null,"metricName":"sys.ram.percent.used","metricValue":67.5,"step":null}},"type":"metric_msg"}
{"payload":{"local_timestamp":1742883599353,"message_id":48,"metric":{"epoch":null,"metricName":"sys.load.avg","metricValue":0.0,"step":null}},"type":"metric_msg"}
{"payload":{"local_timestamp":1742883599359,"message_id":49,"output":"\u001b[1;38;5;39mCOMET INFO:\u001b[0m Couldn't find a Git repository in 'C:\\\\Users\\\\HJW\\\\Desktop\\\\yolov5-7.0' nor in any parent directory. Set `COMET_GIT_DIRECTORY` if your Git Repository is elsewhere.\n","stderr":true},"type":"standard_output"}
{"payload":{"local_timestamp":1742883599366,"message_id":50,"output":"\u001b[1;38;5;214mCOMET WARNING:\u001b[0m Unknown error exporting current conda environment\n","stderr":true},"type":"standard_output"}
{"payload":{"local_timestamp":1742883599387,"message_id":51,"output":"\u001b[1;38;5;214mCOMET WARNING:\u001b[0m Unknown error retrieving Conda package as an explicit file\n","stderr":true},"type":"standard_output"}
{"payload":{"local_timestamp":1742883599398,"message_id":52,"output":"\u001b[1;38;5;214mCOMET WARNING:\u001b[0m Unknown error retrieving Conda information\n","stderr":true},"type":"standard_output"}
{"payload":{"local_timestamp":1742883599402,"message_id":53,"output":"\u001b[1;38;5;39mCOMET INFO:\u001b[0m ---------------------------------------------------------------------------------------\n","stderr":true},"type":"standard_output"}
{"payload":{"local_timestamp":1742883599402,"message_id":54,"output":"\u001b[1;38;5;39mCOMET INFO:\u001b[0m Comet.ml OfflineExperiment Summary\n","stderr":true},"type":"standard_output"}
{"payload":{"local_timestamp":1742883599402,"message_id":55,"output":"\u001b[1;38;5;39mCOMET INFO:\u001b[0m ---------------------------------------------------------------------------------------\n","stderr":true},"type":"standard_output"}
{"payload":{"local_timestamp":1742883599402,"message_id":56,"output":"\u001b[1;38;5;39mCOMET INFO:\u001b[0m   Data:\n","stderr":true},"type":"standard_output"}
{"payload":{"local_timestamp":1742883599403,"message_id":57,"output":"\u001b[1;38;5;39mCOMET INFO:\u001b[0m     display_summary_level : 1\n","stderr":true},"type":"standard_output"}
{"payload":{"local_timestamp":1742883599403,"message_id":58,"output":"\u001b[1;38;5;39mCOMET INFO:\u001b[0m     url                   : [OfflineExperiment will get URL after upload]\n","stderr":true},"type":"standard_output"}
{"payload":{"local_timestamp":1742883599403,"message_id":59,"output":"\u001b[1;38;5;39mCOMET INFO:\u001b[0m   Others:\n","stderr":true},"type":"standard_output"}
{"payload":{"local_timestamp":1742883599403,"message_id":60,"output":"\u001b[1;38;5;39mCOMET INFO:\u001b[0m     offline_experiment : True\n","stderr":true},"type":"standard_output"}
{"payload":{"local_timestamp":1742883599403,"message_id":61,"output":"\u001b[1;38;5;39mCOMET INFO:\u001b[0m   Uploads:\n","stderr":true},"type":"standard_output"}
{"payload":{"local_timestamp":1742883599404,"message_id":62,"output":"\u001b[1;38;5;39mCOMET INFO:\u001b[0m     environment details : 1\n","stderr":true},"type":"standard_output"}
{"payload":{"local_timestamp":1742883599404,"message_id":63,"output":"\u001b[1;38;5;39mCOMET INFO:\u001b[0m     installed packages  : 1\n","stderr":true},"type":"standard_output"}
{"payload":{"local_timestamp":1742883599404,"message_id":64,"output":"\u001b[1;38;5;39mCOMET INFO:\u001b[0m \n","stderr":true},"type":"standard_output"}
{"payload":{"local_timestamp":1742883599404,"message_id":65,"output":"\u001b[1;38;5;214mCOMET WARNING:\u001b[0m Experiment Name is generated at upload time for Offline Experiments unless set explicitly with Experiment.set_name\n","stderr":true},"type":"standard_output"}
{"payload":{"local_timestamp":1742883599406,"message_id":66,"output":"\u001b[1;38;5;214mCOMET WARNING:\u001b[0m To get all data logged automatically, import comet_ml before the following modules: tensorboard, torch.\n","stderr":true},"type":"standard_output"}
{"payload":{"key":"sys.already_imported_modules","message_id":67,"value":"[\"tensorboard\", \"torch\"]"},"type":"log_other"}
{"payload":{"local_timestamp":1742883599409,"message_id":68,"metric":{"epoch":null,"metricName":"process duration","metricValue":1,"step":null}},"type":"metric_msg"}
